,g_petro_rad,g_pos_angle,g_sersic_index,i_petro_rad,i_pos_angle,i_sersic_index,object_id,r_petro_rad,r_pos_angle,r_sersic_index,specz_mag_i,specz_redshift,specz_redshift_err,y_petro_rad,y_pos_angle,y_sersic_index,z_petro_rad,z_pos_angle,z_sersic_index,average_central_image_pop_15px_rad,average_isophotal_area,average_central_image_pop_5px_rad,average_half_light_radius,average_ellipticity,average_minor_axis,average_major_axis
g_petro_rad,,0.005862808104220977,0.28445825191030233,0.6204804780339861,0.013644272263808859,0.18356039096970767,0.058505370035854556,0.7598619376269486,0.012956444488149352,0.19377051693183678,0.2521858579207569,0.06622433843323172,0.0106808190128109,0.5153831749466019,0.01635196114352883,0.14530288438053374,0.5511217799611566,0.017474395097338325,0.17893963481021957,0.04620402775444522,0.2988348666659637,0.05929800462696414,0.04765140623095854,0.0527982641488606,0.2002028525764864,0.24249603059724706
g_pos_angle,0.005862808104220977,,0.002117492353845945,0.011593864359275797,0.6003785846376997,0.00482916204908631,0.0037154794984161172,0.010066222773044557,0.632386607158603,0.0007099488640022827,0.004359756945579608,0.00803649952818257,0.004598406157502519,0.005776846688631182,0.5596287309056359,0.008540110633952352,0.016452145787176582,0.5970447122111903,0.014690606380736066,0.013418333881630273,0.0015906943974703833,0.010796144994551246,0.0035947044239407807,0.002685842594266952,0.0014903937515032383,0.0020032103010546912
g_sersic_index,0.28445825191030233,0.002117492353845945,,0.11355108831798832,0.0016693840809697675,0.6562750663455266,0.008220397012436933,0.12887649192652065,0.005148236382790427,0.7144623281357453,0.3387554289064971,0.12572098586923983,0.1388472635961647,0.02578003447527806,0.0006212001805343991,0.5689920459782352,0.015218819029111492,0.0060336515660586775,0.6053112708067169,0.10674612780787526,0.2127400590367859,0.07988503810851491,0.13138335517523458,0.0956462538345066,0.2536813417767112,0.13491939394404454
i_petro_rad,0.6204804780339861,0.011593864359275797,0.11355108831798832,,0.012546271526308493,0.0038072230827439018,0.0863409065227039,0.7387967177905088,0.013996711238161964,0.07946725968377295,0.29840498006058624,0.041262923151101624,0.10179917730366174,0.5710165366318701,0.012540327032621925,0.029105290826915833,0.7636245853709931,0.013951816210653245,0.019285439600350993,0.07232812761991737,0.16626031331185054,0.21477599474120165,0.11809571146089522,0.04884483210399773,0.11913505993847509,0.11250926125951614
i_pos_angle,0.013644272263808859,0.6003785846376997,0.0016693840809697675,0.012546271526308493,,0.005567442944954831,0.019034683962748832,0.01385927719136844,0.6957304777147498,0.0017178171052385086,0.0016827702101323031,0.018141656552260015,0.00551995610957579,0.01025438735050401,0.6288637057981248,0.006763270422651471,0.0057636815371686165,0.716343820419797,0.0022265869027630323,0.006796405716546555,0.004468767985443449,0.0008947696277838297,0.007287331137380039,0.006865609643637469,0.004722917088406852,0.005380719480414032
i_sersic_index,0.18356039096970767,0.00482916204908631,0.6562750663455266,0.0038072230827439018,0.005567442944954831,,0.055886176700041326,0.029530667299310386,0.0010062534907273684,0.66779446938711,0.3164464846704972,0.0027538841394504163,0.151687313441371,0.029642120084424756,0.00469233451785318,0.6181657274813448,0.0697653337044103,0.008578030926416569,0.6848274305065166,0.09129892177046457,0.14461392997139963,0.08160156304953035,0.05127759508882174,0.17586408488757338,0.2014701053461329,0.0683320101626801
object_id,0.058505370035854556,0.0037154794984161172,0.008220397012436933,0.0863409065227039,0.019034683962748832,0.055886176700041326,,0.08742059569639762,0.0021393043128134313,0.054189846185319156,0.1131154165690235,0.06071999139014218,0.09120262368119353,0.06169512694073698,0.015245147989404583,0.0015457424608962943,0.11813585686122609,0.009053848805612705,0.04037293666914341,0.0650960989405455,0.03919260595143297,0.1175470181136961,0.05530179946994866,0.018092707047587826,0.07115722071086787,0.06710321993491537
r_petro_rad,0.7598619376269486,0.010066222773044557,0.12887649192652065,0.7387967177905088,0.01385927719136844,0.029530667299310386,0.08742059569639762,,0.010609055574386062,0.04580849510704865,0.4136635043238486,0.013698966892769192,0.10989596672973335,0.6191925343597329,0.020650040916574252,0.013084093746701117,0.7297178811337148,0.012449762077127818,0.03503820712768863,0.019680928902826994,0.31047960402228003,0.14417677325081663,0.054456362475103944,0.021836809878746415,0.2697936070731814,0.27019845889228283
r_pos_angle,0.012956444488149352,0.632386607158603,0.005148236382790427,0.013996711238161964,0.6957304777147498,0.0010062534907273684,0.0021393043128134313,0.010609055574386062,,0.006297151791981458,0.0016323571655976852,0.02296744820289515,0.003936395393706116,0.00950686533806218,0.6166575006013734,0.0035726969671003445,0.016848528444952722,0.6881288661159904,0.0028714355839248628,0.0032802556969354245,0.006019906745478738,0.0033687126086246123,0.010600077021138096,0.012941929115040022,0.00627687633163266,0.008649962898427151
r_sersic_index,0.19377051693183678,0.0007099488640022827,0.7144623281357453,0.07946725968377295,0.0017178171052385086,0.66779446938711,0.054189846185319156,0.04580849510704865,0.006297151791981458,,0.35453215430382634,0.09975751243653799,0.14806306582981602,0.012961145173405342,0.005440045914608545,0.6049535107947226,0.023857268628835485,0.0035465110728279993,0.6135426530712792,0.09508764946429224,0.20119752032710583,0.08592826607809563,0.10810706541964789,0.1165312773753024,0.24887654702972783,0.12610630126258102
specz_mag_i,0.2521858579207569,0.004359756945579608,0.3387554289064971,0.29840498006058624,0.0016827702101323031,0.3164464846704972,0.1131154165690235,0.4136635043238486,0.0016323571655976852,0.35453215430382634,,0.5149876401285419,0.3453839979848289,0.39411699000655237,0.0007396765250688833,0.33585508238823586,0.48180772655987086,0.01999018601677038,0.36745907811886874,0.11547883812624078,0.802160831791479,0.23629963610615967,0.7064562676752519,0.2263520586893408,0.8392553159372218,0.7882280164084071
specz_redshift,0.06622433843323172,0.00803649952818257,0.12572098586923983,0.041262923151101624,0.018141656552260015,0.0027538841394504163,0.06071999139014218,0.013698966892769192,0.02296744820289515,0.09975751243653799,0.5149876401285419,,0.24247057285459894,0.017607792823321623,0.032661347653133124,0.030818249259635902,0.04593179967960538,0.04742520081757995,0.07555369265233301,0.058244600584138315,0.4999325786760783,0.09663261913544484,0.5523828533884694,0.3921735960299597,0.5460490610325123,0.5575326118124975
specz_redshift_err,0.0106808190128109,0.004598406157502519,0.1388472635961647,0.10179917730366174,0.00551995610957579,0.151687313441371,0.09120262368119353,0.10989596672973335,0.003936395393706116,0.14806306582981602,0.3453839979848289,0.24247057285459894,,0.04099192193749392,0.00731530050726445,0.14199657526175105,0.11234012203098392,0.007853244893155018,0.1287117244487166,0.15027917598021476,0.18713062821355192,0.2556393706232101,0.20094758334620105,0.033929443630672226,0.23510203749466382,0.20232683971703785
y_petro_rad,0.5153831749466019,0.005776846688631182,0.02578003447527806,0.5710165366318701,0.01025438735050401,0.029642120084424756,0.06169512694073698,0.6191925343597329,0.00950686533806218,0.012961145173405342,0.39411699000655237,0.017607792823321623,0.04099192193749392,,0.016960750492375654,0.02741552451725254,0.6564698977576285,0.008991943114343521,0.02513718185632626,0.06735524113680798,0.30424142589644293,0.023578800188773567,0.03805414022391607,0.02330902751347872,0.23947777773159068,0.24884224804545943
y_pos_angle,0.01635196114352883,0.5596287309056359,0.0006212001805343991,0.012540327032621925,0.6288637057981248,0.00469233451785318,0.015245147989404583,0.020650040916574252,0.6166575006013734,0.005440045914608545,0.0007396765250688833,0.032661347653133124,0.00731530050726445,0.016960750492375654,,0.011329505609557035,0.01127261170824741,0.6615810397193796,0.001432829727010044,0.005148548574451176,0.007547985656855029,0.0073858352059373,0.011992784186290042,0.012111789800385296,0.008639876798223742,0.009143733187955892
y_sersic_index,0.14530288438053374,0.008540110633952352,0.5689920459782352,0.029105290826915833,0.006763270422651471,0.6181657274813448,0.0015457424608962943,0.013084093746701117,0.0035726969671003445,0.6049535107947226,0.33585508238823586,0.030818249259635902,0.14199657526175105,0.02741552451725254,0.011329505609557035,,0.0431376925695418,0.006537863839372143,0.6402224067380761,0.12409419539688386,0.19169509154071118,0.11946247511576889,0.11659551774673207,0.13262607428687448,0.24355810079886756,0.12024590384925794
z_petro_rad,0.5511217799611566,0.016452145787176582,0.015218819029111492,0.7636245853709931,0.0057636815371686165,0.0697653337044103,0.11813585686122609,0.7297178811337148,0.016848528444952722,0.023857268628835485,0.48180772655987086,0.04593179967960538,0.11234012203098392,0.6564698977576285,0.01127261170824741,0.0431376925695418,,0.010280061503363015,0.07146415476988256,0.0538904591019016,0.29841302747842385,0.17648300095238081,0.041060903707902406,0.0067722878206164655,0.27842962618793715,0.2607228898323698
z_pos_angle,0.017474395097338325,0.5970447122111903,0.0060336515660586775,0.013951816210653245,0.716343820419797,0.008578030926416569,0.009053848805612705,0.012449762077127818,0.6881288661159904,0.0035465110728279993,0.01999018601677038,0.04742520081757995,0.007853244893155018,0.008991943114343521,0.6615810397193796,0.006537863839372143,0.010280061503363015,,0.0052339496541980515,0.003234918163790672,0.020901768897146237,0.00029304230362996105,0.02831065365271204,0.028185072856228618,0.024430768158017497,0.026013936367710332
z_sersic_index,0.17893963481021957,0.014690606380736066,0.6053112708067169,0.019285439600350993,0.0022265869027630323,0.6848274305065166,0.04037293666914341,0.03503820712768863,0.0028714355839248628,0.6135426530712792,0.36745907811886874,0.07555369265233301,0.1287117244487166,0.02513718185632626,0.001432829727010044,0.6402224067380761,0.07146415476988256,0.0052339496541980515,,0.10570737249692866,0.22052096671149002,0.10207317991476479,0.13687975354330786,0.12499867602265456,0.27815332090834605,0.14686796377980574
average_central_image_pop_15px_rad,0.04620402775444522,0.013418333881630273,0.10674612780787526,0.07232812761991737,0.006796405716546555,0.09129892177046457,0.0650960989405455,0.019680928902826994,0.0032802556969354245,0.09508764946429224,0.11547883812624078,0.058244600584138315,0.15027917598021476,0.06735524113680798,0.005148548574451176,0.12409419539688386,0.0538904591019016,0.003234918163790672,0.10570737249692866,,0.027245349564812348,0.6208747070097665,0.0323779551874381,0.00936841694024528,0.028571612476798274,0.011470442258217252
average_isophotal_area,0.2988348666659637,0.0015906943974703833,0.2127400590367859,0.16626031331185054,0.004468767985443449,0.14461392997139963,0.03919260595143297,0.31047960402228003,0.006019906745478738,0.20119752032710583,0.802160831791479,0.4999325786760783,0.18713062821355192,0.30424142589644293,0.007547985656855029,0.19169509154071118,0.29841302747842385,0.020901768897146237,0.22052096671149002,0.027245349564812348,,0.05315058535625639,0.8275016354014127,0.3108776442492794,0.9103493660732009,0.9045471392574155
average_central_image_pop_5px_rad,0.05929800462696414,0.010796144994551246,0.07988503810851491,0.21477599474120165,0.0008947696277838297,0.08160156304953035,0.1175470181136961,0.14417677325081663,0.0033687126086246123,0.08592826607809563,0.23629963610615967,0.09663261913544484,0.2556393706232101,0.023578800188773567,0.0073858352059373,0.11946247511576889,0.17648300095238081,0.00029304230362996105,0.10207317991476479,0.6208747070097665,0.05315058535625639,,0.08363676883171511,0.010786764923685285,0.11219810792246018,0.08893597618132779
average_half_light_radius,0.04765140623095854,0.0035947044239407807,0.13138335517523458,0.11809571146089522,0.007287331137380039,0.05127759508882174,0.05530179946994866,0.054456362475103944,0.010600077021138096,0.10810706541964789,0.7064562676752519,0.5523828533884694,0.20094758334620105,0.03805414022391607,0.011992784186290042,0.11659551774673207,0.041060903707902406,0.02831065365271204,0.13687975354330786,0.0323779551874381,0.8275016354014127,0.08363676883171511,,0.4234556286532602,0.8524325275238787,0.9112067903325759
average_ellipticity,0.0527982641488606,0.002685842594266952,0.0956462538345066,0.04884483210399773,0.006865609643637469,0.17586408488757338,0.018092707047587826,0.021836809878746415,0.012941929115040022,0.1165312773753024,0.2263520586893408,0.3921735960299597,0.033929443630672226,0.02330902751347872,0.012111789800385296,0.13262607428687448,0.0067722878206164655,0.028185072856228618,0.12499867602265456,0.00936841694024528,0.3108776442492794,0.010786764923685285,0.4234556286532602,,0.10365330610169922,0.5730390100543304
average_minor_axis,0.2002028525764864,0.0014903937515032383,0.2536813417767112,0.11913505993847509,0.004722917088406852,0.2014701053461329,0.07115722071086787,0.2697936070731814,0.00627687633163266,0.24887654702972783,0.8392553159372218,0.5460490610325123,0.23510203749466382,0.23947777773159068,0.008639876798223742,0.24355810079886756,0.27842962618793715,0.024430768158017497,0.27815332090834605,0.028571612476798274,0.9103493660732009,0.11219810792246018,0.8524325275238787,0.10365330610169922,,0.8124423772865506
average_major_axis,0.24249603059724706,0.0020032103010546912,0.13491939394404454,0.11250926125951614,0.005380719480414032,0.0683320101626801,0.06710321993491537,0.27019845889228283,0.008649962898427151,0.12610630126258102,0.7882280164084071,0.5575326118124975,0.20232683971703785,0.24884224804545943,0.009143733187955892,0.12024590384925794,0.2607228898323698,0.026013936367710332,0.14686796377980574,0.011470442258217252,0.9045471392574155,0.08893597618132779,0.9112067903325759,0.5730390100543304,0.8124423772865506,
